{"temperature": 26.680639693505533,"lux": 50.783451080322266,"pressure": 974.9747339030498,"collectedAt": "2018-04-21T03:47:33.249287Z"}